{
  "auc_valid": 0.7377559378334002,
  "f1_valid": 0.77909022367429
}